{"related": {"0": {"precision": 0.5378310214375788, "recall": 0.7072968490878938, "f1-score": 0.6110315186246418, "support": 1206}, "1": {"precision": 0.9022972598948242, "recall": 0.8164287503130478, "f1-score": 0.8572179858006836, "support": 3993}, "accuracy": 0.7911136757068667, "macro avg": {"precision": 0.7200641406662015, "recall": 0.7618627997004708, "f1-score": 0.7341247522126627, "support": 5199}, "weighted avg": {"precision": 0.8177528699007026, "recall": 0.7911136757068667, "f1-score": 0.8001106806623289, "support": 5199}}, "request": {"0": {"precision": 0.9516041326808048, "recall": 0.8124419684308264, "f1-score": 0.8765339343851741, "support": 4308}, "1": {"precision": 0.46877054569362264, "recall": 0.8002244668911336, "f1-score": 0.5912106135986733, "support": 891}, "accuracy": 0.8103481438738219, "macro avg": {"precision": 0.7101873391872138, "recall": 0.80633321766098, "f1-score": 0.7338722739919237, "support": 5199}, "weighted avg": {"precision": 0.8688565416045249, "recall": 0.8103481438738219, "f1-score": 0.8276354772163395, "support": 5199}}, "offer": {"0": {"precision": 0.9957289846631722, "recall": 0.990919629057187, "f1-score": 0.9933184855233852, "support": 5176}, "1": {"precision": 0.020833333333333332, "recall": 0.043478260869565216, "f1-score": 0.028169014084507043, "support": 23}, "accuracy": 0.986728216964801, "macro avg": {"precision": 0.5082811589982528, "recall": 0.5171989449633762, "f1-score": 0.5107437498039461, "support": 5199}, "weighted avg": {"precision": 0.9914161168077027, "recall": 0.986728216964801, "f1-score": 0.989048734062894, "support": 5199}}, "aid_related": {"0": {"precision": 0.8158790170132325, "recall": 0.7183754993342211, "f1-score": 0.7640290316870243, "support": 3004}, "1": {"precision": 0.6687548942834769, "recall": 0.778132118451025, "f1-score": 0.7193093282796378, "support": 2195}, "accuracy": 0.7436045393344874, "macro avg": {"precision": 0.7423169556483546, "recall": 0.748253808892623, "f1-score": 0.741669179983331, "support": 5199}, "weighted avg": {"precision": 0.7537637161107871, "recall": 0.7436045393344874, "f1-score": 0.7451485260168544, "support": 5199}}, "medical_help": {"0": {"precision": 0.9617256637168141, "recall": 0.9078947368421053, "f1-score": 0.9340352385045123, "support": 4788}, "1": {"precision": 0.35051546391752575, "recall": 0.5790754257907542, "f1-score": 0.436697247706422, "support": 411}, "accuracy": 0.8819003654548951, "macro avg": {"precision": 0.6561205638171699, "recall": 0.7434850813164298, "f1-score": 0.6853662431054671, "support": 5199}, "weighted avg": {"precision": 0.9134072578469338, "recall": 0.8819003654548951, "f1-score": 0.8947188480028746, "support": 5199}}, "medical_products": {"0": {"precision": 0.9723328906595838, "recall": 0.8934309538336384, "f1-score": 0.931213566507684, "support": 4917}, "1": {"precision": 0.2305433186490455, "recall": 0.5567375886524822, "f1-score": 0.32606438213914846, "support": 282}, "accuracy": 0.8751683015964609, "macro avg": {"precision": 0.6014381046543147, "recall": 0.7250842712430603, "f1-score": 0.6286389743234162, "support": 5199}, "weighted avg": {"precision": 0.9320973339550306, "recall": 0.8751683015964609, "f1-score": 0.8983895484288368, "support": 5199}}, "search_and_rescue": {"0": {"precision": 0.9791750909826122, "recall": 0.9603410668253024, "f1-score": 0.9696666332966264, "support": 5043}, "1": {"precision": 0.20948616600790515, "recall": 0.33974358974358976, "f1-score": 0.25916870415647925, "support": 156}, "accuracy": 0.9417195614541258, "macro avg": {"precision": 0.5943306284952588, "recall": 0.6500423282844461, "f1-score": 0.6144176687265528, "support": 5199}, "weighted avg": {"precision": 0.9560799818662333, "recall": 0.9417195614541258, "f1-score": 0.9483475956074817, "support": 5199}}, "security": {"0": {"precision": 0.9864386792452831, "recall": 0.9819996086871454, "f1-score": 0.9842141386410432, "support": 5111}, "1": {"precision": 0.17117117117117117, "recall": 0.2159090909090909, "f1-score": 0.19095477386934673, "support": 88}, "accuracy": 0.9690325062512022, "macro avg": {"precision": 0.5788049252082271, "recall": 0.5989543497981181, "f1-score": 0.587584456255195, "support": 5199}, "weighted avg": {"precision": 0.9726391907454712, "recall": 0.9690325062512022, "f1-score": 0.9707871672811839, "support": 5199}}, "military": {"0": {"precision": 0.9898487673503211, "recall": 0.9470763131813676, "f1-score": 0.9679902755267422, "support": 5045}, "1": {"precision": 0.28225806451612906, "recall": 0.6818181818181818, "f1-score": 0.3992395437262357, "support": 154}, "accuracy": 0.9392190805924217, "macro avg": {"precision": 0.6360534159332251, "recall": 0.8144472474997747, "f1-score": 0.683614909626489, "support": 5199}, "weighted avg": {"precision": 0.9688891658430185, "recall": 0.9392190805924217, "f1-score": 0.9511432640442883, "support": 5199}}, "water": {"0": {"precision": 0.9883091578263693, "recall": 0.9393004115226338, "f1-score": 0.9631817702289271, "support": 4860}, "1": {"precision": 0.49137931034482757, "recall": 0.8407079646017699, "f1-score": 0.6202393906420021, "support": 339}, "accuracy": 0.9328717060973264, "macro avg": {"precision": 0.7398442340855984, "recall": 0.8900041880622018, "f1-score": 0.7917105804354646, "support": 5199}, "weighted avg": {"precision": 0.9559069231088769, "recall": 0.9328717060973264, "f1-score": 0.9408202648086602, "support": 5199}}, "food": {"0": {"precision": 0.9807285546415981, "recall": 0.9147303814116615, "f1-score": 0.9465804695474651, "support": 4562}, "1": {"precision": 0.5879237288135594, "recall": 0.8712715855572999, "f1-score": 0.7020872865275142, "support": 637}, "accuracy": 0.9094056549336411, "macro avg": {"precision": 0.7843261417275788, "recall": 0.8930009834844808, "f1-score": 0.8243338780374896, "support": 5199}, "weighted avg": {"precision": 0.9326007081225636, "recall": 0.9094056549336411, "f1-score": 0.9166242938244974, "support": 5199}}, "shelter": {"0": {"precision": 0.9684160531940157, "recall": 0.8671061024877738, "f1-score": 0.9149652232443348, "support": 4703}, "1": {"precision": 0.3674089068825911, "recall": 0.7318548387096774, "f1-score": 0.48921832884097033, "support": 496}, "accuracy": 0.8542027312944797, "macro avg": {"precision": 0.6679124800383034, "recall": 0.7994804705987255, "f1-score": 0.7020917760426526, "support": 5199}, "weighted avg": {"precision": 0.911078191187771, "recall": 0.8542027312944797, "f1-score": 0.8743477084099305, "support": 5199}}, "clothing": {"0": {"precision": 0.9932297889287136, "recall": 0.9778474808861007, "f1-score": 0.9854786130593698, "support": 5101}, "1": {"precision": 0.3615819209039548, "recall": 0.6530612244897959, "f1-score": 0.4654545454545454, "support": 98}, "accuracy": 0.9717253317945759, "macro avg": {"precision": 0.6774058549163342, "recall": 0.8154543526879483, "f1-score": 0.7254665792569576, "support": 5199}, "weighted avg": {"precision": 0.9813233663346712, "recall": 0.9717253317945759, "f1-score": 0.9756762744124622, "support": 5199}}, "money": {"0": {"precision": 0.9891681994686287, "recall": 0.952943492813546, "f1-score": 0.9707180104292018, "support": 5079}, "1": {"precision": 0.21895424836601307, "recall": 0.5583333333333333, "f1-score": 0.3145539906103286, "support": 120}, "accuracy": 0.9438353529524909, "macro avg": {"precision": 0.6040612239173209, "recall": 0.7556384130734397, "f1-score": 0.6426360005197652, "support": 5199}, "weighted avg": {"precision": 0.971390612599555, "recall": 0.9438353529524909, "f1-score": 0.9555728512873929, "support": 5199}}, "missing_people": {"0": {"precision": 0.9908453447604207, "recall": 0.9898812998637867, "f1-score": 0.990363087705636, "support": 5139}, "1": {"precision": 0.2, "recall": 0.21666666666666667, "f1-score": 0.208, "support": 60}, "accuracy": 0.9809578765147143, "macro avg": {"precision": 0.5954226723802104, "recall": 0.6032739832652267, "f1-score": 0.599181543852818, "support": 5199},