{"related": {"0": {"precision": 0.39558383233532934, "recall": 0.8395552025416998, "f1-score": 0.5377766471635717, "support": 1259}, "1": {"precision": 0.9200633161851999, "recall": 0.5901015228426396, "f1-score": 0.7190351012834391, "support": 3940}, "accuracy": 0.6505097134064243, "macro avg": {"precision": 0.6578235742602646, "recall": 0.7148283626921696, "f1-score": 0.6284058742235054, "support": 5199}, "weighted avg": {"precision": 0.7930543394267873, "recall": 0.6505097134064243, "f1-score": 0.6751411998145195, "support": 5199}}, "request": {"0": {"precision": 0.9362867098058736, "recall": 0.8824771287825475, "f1-score": 0.9085859195749305, "support": 4263}, "1": {"precision": 0.5757832345469941, "recall": 0.7264957264957265, "f1-score": 0.6424185167690127, "support": 936}, "accuracy": 0.8543950759761493, "macro avg": {"precision": 0.7560349721764339, "recall": 0.804486427639137, "f1-score": 0.7755022181719716, "support": 5199}, "weighted avg": {"precision": 0.8713836028925612, "recall": 0.8543950759761493, "f1-score": 0.8606665718106798, "support": 5199}}, "offer": {"0": {"precision": 0.9977314910290782, "recall": 0.9336163643380934, "f1-score": 0.9646097098993123, "support": 5182}, "1": {"precision": 0.017142857142857144, "recall": 0.35294117647058826, "f1-score": 0.03269754768392371, "support": 17}, "accuracy": 0.9317176380073091, "macro avg": {"precision": 0.5074371740859677, "recall": 0.6432787704043408, "f1-score": 0.498653628791618, "support": 5199}, "weighted avg": {"precision": 0.9945251038823065, "recall": 0.9317176380073091, "f1-score": 0.9615624879801622, "support": 5199}}, "aid_related": {"0": {"precision": 0.7461654135338346, "recall": 0.8065669700910273, "f1-score": 0.7751913763474456, "support": 3076}, "1": {"precision": 0.6824973319103522, "recall": 0.6024493641073952, "f1-score": 0.6399799849887415, "support": 2123}, "accuracy": 0.7232160030775149, "macro avg": {"precision": 0.7143313727220935, "recall": 0.7045081670992113, "f1-score": 0.7075856806680936, "support": 5199}, "weighted avg": {"precision": 0.7201666950713124, "recall": 0.7232160030775149, "f1-score": 0.719978107669906, "support": 5199}}, "medical_help": {"0": {"precision": 0.954367666232073, "recall": 0.9224952741020794, "f1-score": 0.93816084588273, "support": 4761}, "1": {"precision": 0.38190954773869346, "recall": 0.5205479452054794, "f1-score": 0.4405797101449275, "support": 438}, "accuracy": 0.8886324293133295, "macro avg": {"precision": 0.6681386069853832, "recall": 0.7215216096537794, "f1-score": 0.6893702780138288, "support": 5199}, "weighted avg": {"precision": 0.9061398039700803, "recall": 0.8886324293133295, "f1-score": 0.8962411425834114, "support": 5199}}, "medical_products": {"0": {"precision": 0.9775355871886121, "recall": 0.8927483241925656, "f1-score": 0.9332200870580741, "support": 4923}, "1": {"precision": 0.24893314366998578, "recall": 0.6340579710144928, "f1-score": 0.35750766087844743, "support": 276}, "accuracy": 0.8790151952298519, "macro avg": {"precision": 0.613234365429299, "recall": 0.7634031476035292, "f1-score": 0.6453638739682608, "support": 5199}, "weighted avg": {"precision": 0.9388561729914316, "recall": 0.8790151952298519, "f1-score": 0.9026571654143778, "support": 5199}}, "search_and_rescue": {"0": {"precision": 0.9815637494446913, "recall": 0.875222816399287, "f1-score": 0.9253481310857501, "support": 5049}, "1": {"precision": 0.09612625538020086, "recall": 0.44666666666666666, "f1-score": 0.15820543093270367, "support": 150}, "accuracy": 0.8628582419696096, "macro avg": {"precision": 0.538845002412446, "recall": 0.6609447415329768, "f1-score": 0.5417767810092269, "support": 5199}, "weighted avg": {"precision": 0.9560173705045731, "recall": 0.8628582419696096, "f1-score": 0.9032147583173414, "support": 5199}}, "security": {"0": {"precision": 0.9887068201948627, "recall": 0.8724110980851896, "f1-score": 0.926925472285655, "support": 5118}, "1": {"precision": 0.043923865300146414, "recall": 0.37037037037037035, "f1-score": 0.07853403141361257, "support": 81}, "accuracy": 0.8645893441046355, "macro avg": {"precision": 0.5163153427475046, "recall": 0.62139073422778, "f1-score": 0.5027297518496338, "support": 5199}, "weighted avg": {"precision": 0.9739871780816732, "recall": 0.8645893441046355, "f1-score": 0.913707602173973, "support": 5199}}, "military": {"0": {"precision": 0.98989898989899, "recall": 0.9372384937238494, "f1-score": 0.9628492477740253, "support": 5019}, "1": {"precision": 0.2953020134228188, "recall": 0.7333333333333333, "f1-score": 0.42105263157894735, "support": 180}, "accuracy": 0.9301788805539527, "macro avg": {"precision": 0.6426005016609044, "recall": 0.8352859135285913, "f1-score": 0.6919509396764862, "support": 5199}, "weighted avg": {"precision": 0.9658506237197805, "recall": 0.9301788805539527, "f1-score": 0.9440911421931225, "support": 5199}}, "water": {"0": {"precision": 0.9904438309619877, "recall": 0.9555418971522229, "f1-score": 0.972679874869656, "support": 4881}, "1": {"precision": 0.5571428571428572, "recall": 0.8584905660377359, "f1-score": 0.6757425742574259, "support": 318}, "accuracy": 0.9496056934025774, "macro avg": {"precision": 0.7737933440524225, "recall": 0.9070162315949795, "f1-score": 0.8242112245635409, "support": 5199}, "weighted avg": {"precision": 0.9639407131173093, "recall": 0.9496056934025774, "f1-score": 0.954517524110916, "support": 5199}}, "food": {"0": {"precision": 0.9698492462311558, "recall": 0.9641615986099045, "f1-score": 0.9669970591438841, "support": 4604}, "1": {"precision": 0.7347266881028939, "recall": 0.7680672268907563, "f1-score": 0.7510271158586689, "support": 595}, "accuracy": 0.9417195614541258, "macro avg": {"precision": 0.8522879671670248, "recall": 0.8661144127503304, "f1-score": 0.8590120875012766, "support": 5199}, "weighted avg": {"precision": 0.9429406249412315, "recall": 0.9417195614541258, "f1-score": 0.9422803604990095, "support": 5199}}, "shelter": {"0": {"precision": 0.9612508497620667, "recall": 0.8934288121314238, "f1-score": 0.9260997707673835, "support": 4748}, "1": {"precision": 0.356234096692112, "recall": 0.6208425720620843, "f1-score": 0.4527081649151172, "support": 451}, "accuracy": 0.8697826505097134, "macro avg": {"precision": 0.6587424732270893, "recall": 0.757135692096754, "f1-score": 0.6894039678412504, "support": 5199}, "weighted avg": {"precision": 0.9087671883589987, "recall": 0.8697826505097134, "f1-score": 0.8850342554299393, "support": 5199}}, "clothing": {"0": {"precision": 0.994925918408768, "recall": 0.9585451701212359, "f1-score": 0.976396773229758, "support": 5114}, "1": {"precision": 0.22058823529411764, "recall": 0.7058823529411765, "f1-score": 0.3361344537815126, "support": 85}, "accuracy": 0.9544143104443162, "macro avg": {"precision": 0.6077570768514429, "recall": 0.8322137615312062, "f1-score": 0.6562656135056353, "support": 5199}, "weighted avg": {"precision": 0.9822660409198768, "recall": 0.9544143104443162, "f1-score": 0.9659289338081192, "support": 5199}}, "money": {"0": {"precision": 0.9902789518174133, "recall": 0.9228042536431666, "f1-score": 0.9553516819571864, "support": 5078}, "1": {"precision": 0.16059957173447537, "recall": 0.6198347107438017, "f1-score": 0.25510204081632654, "support": 121}, "accuracy": 0.9157530294287363, "macro avg": {"precision": 0.5754392617759443, "recall": 0.7713194821934841, "f1-score": 0.6052268613867565, "support": 5199}, "weighted avg": {"precision": 0.9709692374511822, "recall": 0.9157530294287363, "f1-score": 0.9390542773451372, "support": 5199}}, "missing_people": {"0": {"precision": 0.9942808726964626, "recall": 0.9125194401244168, "f1-score": 0.9516472377090724, "support": 5144}, "1": {"precision": 0.058577405857740586, "recall": 0.509090909090909, "f1-score": 0.10506566604127579, "support": 55}, "accuracy": 0.9082515868436237, "macro avg": {"precision": 0.5264291392771016, "recall": 0.7108051746076629, "f1-score": 0.5283564518751741, "support": 5199},