{"related": {"0": {"precision": 0.3908745247148289, "recall": 0.8364524003254679, "f1-score": 0.5327805130862918, "support": 1229}, "1": {"precision": 0.9217594394706111, "recall": 0.5964735516372796, "f1-score": 0.724269766019269, "support": 3970}, "accuracy": 0.6532025389497981, "macro avg": {"precision": 0.65631698209272, "recall": 0.7164629759813737, "f1-score": 0.6285251395527804, "support": 5199}, "weighted avg": {"precision": 0.7962626977443452, "recall": 0.6532025389497981, "f1-score": 0.6790033124984709, "support": 5199}}, "request": {"0": {"precision": 0.9440628066732091, "recall": 0.8901226000462642, "f1-score": 0.9162995594713655, "support": 4323}, "1": {"precision": 0.5770258236865539, "recall": 0.7397260273972602, "f1-score": 0.6483241620810405, "support": 876}, "accuracy": 0.864781688786305, "macro avg": {"precision": 0.7605443151798814, "recall": 0.8149243137217622, "f1-score": 0.782311860776203, "support": 5199}, "weighted avg": {"precision": 0.8822192988647248, "recall": 0.864781688786305, "f1-score": 0.8711473286358347, "support": 5199}}, "offer": {"0": {"precision": 0.9959058341862845, "recall": 0.9410058027079303, "f1-score": 0.9676777722526106, "support": 5170}, "1": {"precision": 0.028662420382165606, "recall": 0.3103448275862069, "f1-score": 0.05247813411078717, "support": 29}, "accuracy": 0.9374879784573956, "macro avg": {"precision": 0.5122841272842251, "recall": 0.6256753151470686, "f1-score": 0.5100779531816989, "support": 5199}, "weighted avg": {"precision": 0.9905105545170558, "recall": 0.9374879784573956, "f1-score": 0.9625727925437987, "support": 5199}}, "aid_related": {"0": {"precision": 0.7436510307738273, "recall": 0.8184807629069385, "f1-score": 0.7792736380713838, "support": 3041}, "1": {"precision": 0.7019438444924406, "recall": 0.6024096385542169, "f1-score": 0.6483790523690773, "support": 2158}, "accuracy": 0.7287939988459319, "macro avg": {"precision": 0.722797437633134, "recall": 0.7104452007305777, "f1-score": 0.7138263452202306, "support": 5199}, "weighted avg": {"precision": 0.7263392192725323, "recall": 0.7287939988459319, "f1-score": 0.7249419366007976, "support": 5199}}, "medical_help": {"0": {"precision": 0.9627835278573001, "recall": 0.9129254541657966, "f1-score": 0.9371918542336548, "support": 4789}, "1": {"precision": 0.3662613981762918, "recall": 0.5878048780487805, "f1-score": 0.45131086142322097, "support": 410}, "accuracy": 0.8872860165416426, "macro avg": {"precision": 0.664522463016796, "recall": 0.7503651661072885, "f1-score": 0.6942513578284379, "support": 5199}, "weighted avg": {"precision": 0.9157410056089421, "recall": 0.8872860165416426, "f1-score": 0.8988746380281771, "support": 5199}}, "medical_products": {"0": {"precision": 0.9799233025039477, "recall": 0.8786407766990292, "f1-score": 0.9265223419003945, "support": 4944}, "1": {"precision": 0.21671018276762402, "recall": 0.6509803921568628, "f1-score": 0.32517140058765914, "support": 255}, "accuracy": 0.8674745143296788, "macro avg": {"precision": 0.5983167426357858, "recall": 0.764810584427946, "f1-score": 0.6258468712440268, "support": 5199}, "weighted avg": {"precision": 0.942489306440712, "recall": 0.8674745143296788, "f1-score": 0.8970273447788812, "support": 5199}}, "search_and_rescue": {"0": {"precision": 0.9863013698630136, "recall": 0.854937660795567, "f1-score": 0.9159334252093713, "support": 5053}, "1": {"precision": 0.10500610500610501, "recall": 0.589041095890411, "f1-score": 0.17823834196891192, "support": 146}, "accuracy": 0.8474706674360454, "macro avg": {"precision": 0.5456537374345594, "recall": 0.7219893783429889, "f1-score": 0.5470858835891416, "support": 5199}, "weighted avg": {"precision": 0.9615525511153489, "recall": 0.8474706674360454, "f1-score": 0.8952172332199296, "support": 5199}}, "security": {"0": {"precision": 0.9880186376747282, "recall": 0.8709172697046743, "f1-score": 0.9257796257796257, "support": 5113}, "1": {"precision": 0.046242774566473986, "recall": 0.37209302325581395, "f1-score": 0.08226221079691516, "support": 86}, "accuracy": 0.86266589728794, "macro avg": {"precision": 0.5171307061206011, "recall": 0.6215051464802441, "f1-score": 0.5040209182882704, "support": 5199}, "weighted avg": {"precision": 0.9724401179156764, "recall": 0.86266589728794, "f1-score": 0.9118264621542145, "support": 5199}}, "military": {"0": {"precision": 0.9892450442851117, "recall": 0.9346483363219765, "f1-score": 0.9611720110644402, "support": 5019}, "1": {"precision": 0.28227571115973743, "recall": 0.7166666666666667, "f1-score": 0.4050235478806907, "support": 180}, "accuracy": 0.9271013656472399, "macro avg": {"precision": 0.6357603777224246, "recall": 0.8256575014943216, "f1-score": 0.6830977794725654, "support": 5199}, "weighted avg": {"precision": 0.9647683218456874, "recall": 0.9271013656472399, "f1-score": 0.9419170152242642, "support": 5199}}, "water": {"0": {"precision": 0.9908840364638541, "recall": 0.9607399794450154, "f1-score": 0.9755792110206637, "support": 4865}, "1": {"precision": 0.6037344398340249, "recall": 0.8712574850299402, "f1-score": 0.7132352941176471, "support": 334}, "accuracy": 0.9549913444893249, "macro avg": {"precision": 0.7973092381489395, "recall": 0.9159987322374779, "f1-score": 0.8444072525691554, "support": 5199}, "weighted avg": {"precision": 0.9660123370458195, "recall": 0.9549913444893249, "f1-score": 0.9587254183209892, "support": 5199}}, "food": {"0": {"precision": 0.9735171810024076, "recall": 0.9611063094209161, "f1-score": 0.9672719365010329, "support": 4628}, "1": {"precision": 0.7142857142857143, "recall": 0.7880910683012259, "f1-score": 0.749375520399667, "support": 571}, "accuracy": 0.9421042508174648, "macro avg": {"precision": 0.8439014476440609, "recall": 0.8745986888610711, "f1-score": 0.85832372845035, "support": 5199}, "weighted avg": {"precision": 0.9450460966601818, "recall": 0.9421042508174648, "f1-score": 0.9433406317128276, "support": 5199}}, "shelter": {"0": {"precision": 0.9642695612844867, "recall": 0.897873236470836, "f1-score": 0.9298876894558936, "support": 4749}, "1": {"precision": 0.3758043758043758, "recall": 0.6488888888888888, "f1-score": 0.4759576202118989, "support": 450}, "accuracy": 0.8763223696864781, "macro avg": {"precision": 0.6700369685444313, "recall": 0.7733810626798624, "f1-score": 0.7029226548338963, "support": 5199}, "weighted avg": {"precision": 0.9133348943358331, "recall": 0.8763223696864781, "f1-score": 0.8905977238548554, "support": 5199}}, "clothing": {"0": {"precision": 0.9959225280326198, "recall": 0.9533567525370804, "f1-score": 0.9741748928108486, "support": 5124}, "1": {"precision": 0.1870748299319728, "recall": 0.7333333333333333, "f1-score": 0.2981029810298103, "support": 75}, "accuracy": 0.950182727447586, "macro avg": {"precision": 0.5914986789822964, "recall": 0.8433450429352068, "f1-score": 0.6361389369203294, "support": 5199}, "weighted avg": {"precision": 0.984254211556846, "recall": 0.950182727447586, "f1-score": 0.9644219800615548, "support": 5199}}, "money": {"0": {"precision": 0.9932203389830508, "recall": 0.9188553508428068, "f1-score": 0.9545917328446346, "support": 5102}, "1": {"precision": 0.13569937369519833, "recall": 0.6701030927835051, "f1-score": 0.22569444444444442, "support": 97}, "accuracy": 0.9142142719753799, "macro avg": {"precision": 0.5644598563391245, "recall": 0.794479221813156, "f1-score": 0.5901430886445396, "support": 5199}, "weighted avg": {"precision": 0.9772211980650047, "recall": 0.9142142719753799, "f1-score": 0.9409923797046426, "support": 5199}}, "missing_people": {"0": {"precision": 0.9935580846038222, "recall": 0.9017735334242838, "f1-score": 0.9454434000817327, "support": 5131}, "1": {"precision": 0.07011070110701106, "recall": 0.5588235294117647, "f1-score": 0.12459016393442623, "support": 68}, "accuracy": 0.8972879399884593, "macro avg": {"precision": 0.5318343928554167, "recall": 0.7302985314180243, "f1-score": 0.5350167820080795, "support": 5199},